feature,Feature Importance,counts,RF Feature Importance,RFE RF Score,RF Permutation Importance,Ridge Permutation Importance,RFE Ridge Score,RF Feature Importance Normalized,RF Permutation Importance Normalized,Ridge Permutation Importance Normalized,RFE RF Score Normalized,RFE Ridge Score Normalized
% Asian or Asian/Pacific Islander Students 2021-2022,0.6427098658613049,4,0.007682558431584695,1.0,-0.008866995073891614,-0.0049261083743842304,1.0,0.013940532040820084,0.39130434782608703,0.0196078431372549,0.017857142857142856,0.2
% Asian or Asian/Pacific Islander Students 2018-2019,0.5351601917762443,5,0.009488643217513339,1.0,-0.005911330049261076,-0.009852216748768461,1.0,0.017217797427200292,0.26086956521739135,0.0392156862745098,0.017857142857142856,0.2
% County Deaths 10/30/2022,0.5254148869179185,5,0.007475565748450468,0.0,-0.005911330049261076,-0.012807881773399,1.0,0.013564929543664356,0.26086956521739135,0.050980392156862744,0.0,0.2
% Students Tested Reading - Grade 7 2018-2019,0.48430506858596595,4,0.011155055331223664,1.0,-0.008866995073891614,-0.013793103448275845,0.0,0.020241617118422307,0.39130434782608703,0.054901960784313725,0.017857142857142856,0.0
# of Housing Units 10,0.4536584011651889,6,0.007984477677923978,1.0,-0.0049261083743842304,-0.0009852216748768461,1.0,0.014488385332768928,0.21739130434782614,0.00392156862745098,0.017857142857142856,0.2
% K 2018-2019,0.4329719339883432,4,0.010960660712388269,1.0,-0.008866995073891614,-0.0009852216748768461,0.0,0.019888874677662392,0.39130434782608703,0.00392156862745098,0.017857142857142856,0.0
% Grades 9-12 2018-2019,0.4187902697913784,5,0.009628686909355547,1.0,-0.008866995073891614,0.0019704433497536923,0.0,0.01747191636305046,0.39130434782608703,-0.00784313725490196,0.017857142857142856,0.0
% Students Tested Reading - Grade 7 2020-2021,0.3992428618901334,4,0.012011076299532686,1.0,-0.007881773399014769,-0.002955665024630538,0.0,0.021794926194115757,0.34782608695652184,0.011764705882352941,0.017857142857142856,0.0
Total Staff 2021-2022,0.34070525892590614,4,0.010383345243515965,1.0,-0.005911330049261076,-0.010837438423645308,0.0,0.01884129594941114,0.26086956521739135,0.043137254901960784,0.017857142857142856,0.0
% Students Tested Reading - Grade 7 2021-2022,0.3282204406669117,3,0.009986494865448906,1.0,-0.005911330049261076,-0.007881773399014769,0.0,0.018121183572769674,0.26086956521739135,0.03137254901960784,0.017857142857142856,0.0
% Grades 9-12 2020-2021,0.3175302651272454,4,0.00841750611268001,1.0,-0.005911330049261076,-0.005911330049261076,0.0,0.015274145288005279,0.26086956521739135,0.023529411764705882,0.017857142857142856,0.0
Average Annual Pay,0.31696093733431213,6,0.00847960578755687,1.0,-0.0039408866995073845,-0.02758620689655169,0.0,0.015386829430280888,0.17391304347826092,0.10980392156862745,0.017857142857142856,0.0
% Students Tested Reading - Grade 8 2021-2022,0.2926077864164159,5,0.009810950914806448,1.0,-0.005911330049261076,0.0009852216748768461,0.0,0.017802646969332668,0.26086956521739135,-0.00392156862745098,0.017857142857142856,0.0
% of Population Under 18 in Poverty,0.28195348148268395,4,0.00666435327175452,1.0,-0.002955665024630538,-0.03054187192118223,0.0,0.012092928565865062,0.13043478260869568,0.12156862745098039,0.017857142857142856,0.0
% Grades 1-8 2020-2021,0.2796615707920035,4,0.006998669601588123,1.0,-0.005911330049261076,0.002955665024630538,0.0,0.012699568599822263,0.26086956521739135,-0.011764705882352941,0.017857142857142856,0.0
% Grades 9-12 2021-2022,0.25864729621312454,4,0.00857267600256018,1.0,-0.0049261083743842304,-0.0019704433497536923,0.0,0.015555711753253607,0.21739130434782614,0.00784313725490196,0.017857142857142856,0.0
Total Staff 2020-2021,0.22050781483187645,4,0.009541620622505,1.0,-0.002955665024630538,-0.013793103448275845,0.0,0.017313928581724217,0.13043478260869568,0.054901960784313725,0.017857142857142856,0.0
% On Campus 01/29/21,0.20622853074507003,5,0.01877370789035888,1.0,-0.0039408866995073845,0.0049261083743842304,0.0,0.03406618754692117,0.17391304347826092,-0.0196078431372549,0.017857142857142856,0.0
County Population,0.18561833153598412,5,0.007603455493765098,1.0,-0.002955665024630538,-0.005911330049261076,0.0,0.013796994305439706,0.13043478260869568,0.023529411764705882,0.017857142857142856,0.0
% Students Tested Reading - Grade 6 2021-2022,0.1667791768549425,5,0.00821500261601409,1.0,-0.0019704433497536923,-0.011822660098522153,0.0,0.014906688729257432,0.08695652173913046,0.047058823529411764,0.017857142857142856,0.0
% Students Tested Reading - Grade 8 2020-2021,0.1277854180885582,4,0.010498462894244548,1.0,-0.0019704433497536923,-0.0009852216748768461,0.0,0.019050184864833907,0.08695652173913046,0.00392156862745098,0.017857142857142856,0.0
CRRSA ESSER II 21 NORM,0.12751887854022895,6,0.008190417140752889,1.0,-0.0019704433497536923,-0.0019704433497536923,0.0,0.014862076689053677,0.08695652173913046,0.00784313725490196,0.017857142857142856,0.0
% Students Tested Reading - Grade 4 2020-2021,0.12330612215194836,4,0.012352259249124399,1.0,-0.0019704433497536923,0.0009852216748768461,0.0,0.02241402618312602,0.08695652173913046,-0.00392156862745098,0.017857142857142856,0.0
# of Households 10,0.1194214801785719,4,0.005889137975836619,1.0,-0.0019704433497536923,-0.0009852216748768461,0.0,0.010686246954847604,0.08695652173913046,0.00392156862745098,0.017857142857142856,0.0
CARES ESSER I 20 NORM,0.11209276933783408,6,0.008521719664512938,1.0,-0.0009852216748768461,-0.008866995073891614,0.0,0.015463247964067181,0.04347826086956523,0.03529411764705882,0.017857142857142856,0.0
% On Campus 09/28/20,0.0829749830773246,4,0.01624777966726896,1.0,-0.0009852216748768461,0.0019704433497536923,0.0,0.02948271660551847,0.04347826086956523,-0.00784313725490196,0.017857142857142856,0.0
% County Infected 09/28/20,0.07113854441455182,4,0.007751546298698492,1.0,0.0,-0.009852216748768461,0.0,0.014065715282899162,-0.0,0.0392156862745098,0.017857142857142856,0.0
% Prek 2021-2022,0.06898289999903928,4,0.008536811713266059,1.0,-0.0009852216748768461,0.0019704433497536923,0.0,0.015490633527233162,0.04347826086956523,-0.00784313725490196,0.017857142857142856,0.0
% Age 15-19 Pop 10,0.06442304895023257,4,0.0060239002964561994,1.0,-0.0009852216748768461,0.0019704433497536923,0.0,0.010930782478426434,0.04347826086956523,-0.00784313725490196,0.017857142857142856,0.0
# of Families 10,0.035904553423792174,6,0.007784681802347969,1.0,0.0,-0.0009852216748768461,0.0,0.01412584193919834,-0.0,0.00392156862745098,0.017857142857142856,0.0
% White Students 2020-2021,0.018697345262179484,4,0.01596698467673899,1.0,0.0019704433497536923,-0.014778325123152691,0.0,0.028973194732402386,-0.08695652173913046,0.058823529411764705,0.017857142857142856,0.0
% ADA 2020-2021,0.012028898976857903,4,0.009942952998143994,1.0,0.0009852216748768461,-0.0049261083743842304,0.0,0.018042173852025375,-0.04347826086956523,0.0196078431372549,0.017857142857142856,0.0
ARP ESSER III 21 NORM,-0.0015475913467452342,7,0.00894448753107407,1.0,0.0009852216748768461,-0.0019704433497536923,0.0,0.01623038941077518,-0.04347826086956523,0.00784313725490196,0.017857142857142856,0.0
% HH Married-noChild 10,-0.011633233112440022,4,0.00554749723526224,1.0,0.0009852216748768461,-0.0009852216748768461,0.0,0.01006631627253137,-0.04347826086956523,0.00392156862745098,0.017857142857142856,0.0
% Students Tested Reading - Grade 3 2021-2022,-0.014330497937372906,5,0.008383362144073318,1.0,0.0009852216748768461,0.0009852216748768461,0.0,0.015212188702500446,-0.04347826086956523,-0.00392156862745098,0.017857142857142856,0.0
% Grades 1-8 2021-2022,-0.03575975759985645,5,0.007567515189424827,1.0,0.0019704433497536923,-0.0049261083743842304,0.0,0.01373177814487625,-0.08695652173913046,0.0196078431372549,0.017857142857142856,0.0
% of Population in Poverty,-0.0384863574238445,4,0.004912170484593043,0.0,0.0009852216748768461,0.0009852216748768461,0.0,0.00891347207317171,-0.04347826086956523,-0.00392156862745098,0.0,0.0
% County Deaths 07/29/2022,-0.04488442770935191,4,0.006861268755746328,1.0,0.0019704433497536923,-0.002955665024630538,0.0,0.012450245290282757,-0.08695652173913046,0.011764705882352941,0.017857142857142856,0.0
% White Students 2021-2022,-0.04923765499675698,4,0.013106855168018286,1.0,0.0019704433497536923,0.0009852216748768461,0.0,0.023783292512681607,-0.08695652173913046,-0.00392156862745098,0.017857142857142856,0.0
% Students Tested Reading - Grade 3 2020-2021,-0.053791623694996814,5,0.012758342608974817,1.0,0.0019704433497536923,0.0019704433497536923,0.0,0.02315089244189275,-0.08695652173913046,-0.00784313725490196,0.017857142857142856,0.0
Total Students 2018-2019,-0.08139520370235093,6,0.012862172420276962,1.0,0.002955665024630538,-0.0019704433497536923,0.0,0.023339298794299926,-0.13043478260869568,0.00784313725490196,0.017857142857142856,0.0
% Students Tested Reading - Grade 5 2020-2021,-0.08726906629873846,4,0.011786272845707857,1.0,0.002955665024630538,-0.0009852216748768461,0.0,0.021387004825363393,-0.13043478260869568,0.00392156862745098,0.017857142857142856,0.0
% Students Tested Reading - Grade 4 2018-2019,-0.10861532624721881,6,0.008667082794193,1.0,0.002955665024630538,0.002955665024630538,0.0,0.015727019386686976,-0.13043478260869568,-0.011764705882352941,0.017857142857142856,0.0
% Students Tested Reading - Grade 6 2018-2019,-0.11311526921810763,6,0.008724196959718274,1.0,0.0049261083743842304,-0.017733990147783228,0.0,0.01583065697845802,-0.21739130434782614,0.07058823529411765,0.017857142857142856,0.0
% Prek 2018-2019,-0.11647619324923097,6,0.00865731201803089,1.0,0.002955665024630538,0.0049261083743842304,0.0,0.015709289639576744,-0.13043478260869568,-0.0196078431372549,0.017857142857142856,0.0
% Asian Pop 10,-0.11854350350844198,4,0.0077059542397102275,1.0,0.0039408866995073845,-0.005911330049261076,0.0,0.013982985347970212,-0.17391304347826092,0.023529411764705882,0.017857142857142856,0.0
% Students Tested Reading - Grade 4 2021-2022,-0.12087038247174453,5,0.008584779846164167,1.0,0.0039408866995073845,-0.0049261083743842304,0.0,0.015577675012118616,-0.17391304347826092,0.0196078431372549,0.017857142857142856,0.0
Total Students 2020-2021,-0.13057949005873248,6,0.011878767048762198,1.0,0.0039408866995073845,-0.0009852216748768461,0.0,0.02155484193493461,-0.17391304347826092,0.00392156862745098,0.017857142857142856,0.0
Per Capita Income,-0.13318713533932303,4,0.00611939235276007,1.0,0.0039408866995073845,-0.002955665024630538,0.0,0.011104059399442095,-0.17391304347826092,0.011764705882352941,0.017857142857142856,0.0
Total Students 2021-2022,-0.13407084372798933,6,0.01211585638974217,1.0,0.0039408866995073845,0.0,0.0,0.021985056893128747,-0.17391304347826092,-0.0,0.017857142857142856,0.0
Total Teachers 2018-2019,-0.13687409027623026,4,0.008597770629915215,1.0,0.0049261083743842304,-0.011822660098522153,0.0,0.01560124768504126,-0.21739130434782614,0.047058823529411764,0.017857142857142856,0.0
% Students Tested Reading - Grade 5 2021-2022,-0.15219515337652423,4,0.008611110129530931,1.0,0.0039408866995073845,0.002955665024630538,0.0,0.01562545312694677,-0.17391304347826092,-0.011764705882352941,0.017857142857142856,0.0
% ADA 2021-2022,-0.1609928509184215,5,0.008272983371106716,1.0,0.0049261083743842304,-0.005911330049261076,0.0,0.015011898807555915,-0.21739130434782614,0.023529411764705882,0.017857142857142856,0.0
% Prek 2020-2021,-0.19063075470279892,5,0.009228937802308162,1.0,0.0049261083743842304,0.0019704433497536923,0.0,0.01674654404278634,-0.21739130434782614,-0.00784313725490196,0.017857142857142856,0.0
% On Campus 10/30/20,-0.20186426781304123,8,0.02126709466721727,1.0,0.009852216748768461,0.005911330049261076,1.0,0.03859060979017402,-0.4347826086956523,-0.023529411764705882,0.017857142857142856,0.2
% Students Tested Reading - Grade 8 2018-2019,-0.22438511175126324,5,0.008104261854721809,1.0,0.005911330049261076,-0.0009852216748768461,0.0,0.014705741981534303,-0.26086956521739135,0.00392156862745098,0.017857142857142856,0.0
% County Deaths 10/30/20,-0.252676007260957,5,0.007641388777198365,1.0,0.005911330049261076,0.005911330049261076,0.0,0.013865826863997403,-0.26086956521739135,-0.023529411764705882,0.017857142857142856,0.0
% County Deaths 01/29/21,-0.338537519561594,4,0.0066474660722394665,1.0,0.010837438423645308,-0.02758620689655169,0.0,0.01206228557785322,-0.4782608695652175,0.10980392156862745,0.017857142857142856,0.0
